Cykelfest	Fahrradparty	Fête à vélo	Fiesta en bici	Cykelfest
Localization	Sprache	Langue	Idioma	Språk
Choose the interface language. Saved on this computer; project files and CSV field names are unchanged.	Sprache der Oberfläche wählen. Wird auf diesem Computer gespeichert; Projektdateien und CSV-Feldnamen bleiben unverändert.	Choisissez la langue de l’interface. Enregistrée sur cet ordinateur ; les fichiers projet et les noms des champs CSV restent inchangés.	Elige el idioma de la interfaz. Se guarda en este equipo; los archivos del proyecto y los nombres de los campos CSV no cambian.	Välj gränssnittets språk. Sparas på den här datorn; projektfiler och CSV-fältnamn ändras inte.
Wait until address lookup or route generation finishes before changing the language.	Vor dem Sprachwechsel die Adresssuche oder Routenerzeugung abwarten.	Attendez la fin de la recherche d’adresses ou de la génération des parcours avant de changer de langue.	Espera a que termine la búsqueda de direcciones o la generación de rutas antes de cambiar el idioma.	Vänta tills adressökningen eller ruttgenereringen är klar innan du byter språk.
Appetizer	Vorspeise	Entrée	Entrante	Förrätt
Map key	Kartenlegende	Légende de la carte	Leyenda del mapa	Kartförklaring
No course	Kein Gang	Aucun service	Sin plato asignado	Ingen rätt
Multiple courses	Mehrere Gänge	Plusieurs services	Varios platos	Flera rätter
Main dish	Hauptgericht	Plat principal	Plato principal	Huvudrätt
Main Dish	Hauptgericht	Plat principal	Plato principal	Huvudrätt
Dessert	Nachspeise	Dessert	Postre	Efterrätt
Name / pairing	Name / Paar	Nom / binôme	Nombre / pareja	Namn / par
ID	ID	ID	ID	ID
Latitude (optional)	Breitengrad (optional)	Latitude (facultative)	Latitud (opcional)	Latitud (valfritt)
Longitude (optional)	Längengrad (optional)	Longitude (facultative)	Longitud (opcional)	Longitud (valfritt)
Guest IDs (comma-separated)	Gäste-IDs (kommagetrennt)	ID des invités (séparés par des virgules)	ID de invitados (separados por comas)	Gäst-ID:n (kommaseparerade)
Allergies (comma-separated)	Allergien (kommagetrennt)	Allergies (séparées par des virgules)	Alergias (separadas por comas)	Allergier (kommaseparerade)
Automatically generated unique ID	Automatisch erzeugte eindeutige ID	Identifiant unique généré automatiquement	Identificador único generado automáticamente	Automatiskt genererat unikt ID
Select a pairing	Paar auswählen	Choisir un binôme	Seleccionar una pareja	Välj ett par
Pairings without a route	Paare ohne Route	Binômes sans parcours	Parejas sin ruta	Par utan rutt
Select	Auswählen	Sélectionner	Seleccionar	Välj
Import	Importieren	Importer	Importar	Importera
Export	Exportieren	Exporter	Exportar	Exportera
ID (auto-generated if unmapped)	ID (automatisch, wenn nicht zugeordnet)	ID (généré si non associé)	ID (generado si no se asigna)	ID (genereras om ingen kolumn väljs)
Route ID	Routen-ID	ID du parcours	ID de ruta	Rutt-ID
Review generated routes	Erzeugte Routen prüfen	Examiner les parcours générés	Revisar las rutas generadas	Granska genererade rutter
Apply routes	Routen übernehmen	Appliquer les parcours	Aplicar rutas	Tillämpa rutter
Discard	Verwerfen	Abandonner	Descartar	Förkasta
Cykelfest · Dinner safari planner	Fahrradparty · Dinner-Safari-Planer	Fête à vélo · Planificateur de dîner itinérant	Fiesta en bici · Planificador de cenas itinerantes	Cykelfest · Middagssafariplanerare
Good food. New company. A ride between every course.	Gutes Essen. Neue Gesellschaft. Eine Fahrt zwischen jedem Gang.	De bons plats. De nouvelles rencontres. Un trajet entre chaque service.	Buena comida. Nuevas compañías. Un paseo entre cada plato.	God mat. Nytt sällskap. En cykeltur mellan varje rätt.
Save Project	Projekt speichern	Enregistrer le projet	Guardar proyecto	Spara projekt
Load Project	Projekt öffnen	Ouvrir le projet	Cargar proyecto	Läs in projekt
Export results	Ergebnisse exportieren	Exporter les résultats	Exportar resultados	Exportera resultat
Enabled	Aktiviert	Activé	Activado	Aktiverat
Settings	Einstellungen	Paramètres	Configuración	Inställningar
System	System	Système	Sistema	System
Project Settings	Projekteinstellungen	Paramètres du projet	Configuración del proyecto	Projektinställningar
Project Warnings	Projektwarnungen	Avertissements du projet	Advertencias del proyecto	Projektvarningar
System preferences stay on this computer. Project settings travel with your .dsf file.	Systemeinstellungen bleiben auf diesem Computer. Projekteinstellungen werden in der .dsf-Datei gespeichert.	Les préférences système restent sur cet ordinateur. Les paramètres du projet sont conservés dans le fichier .dsf.	Las preferencias del sistema permanecen en este equipo. La configuración del proyecto se guarda en el archivo .dsf.	Systeminställningar stannar på den här datorn. Projektinställningar följer med .dsf-filen.
Show host locations	Gastgeberadressen anzeigen	Afficher les lieux d’accueil	Mostrar ubicaciones de anfitriones	Visa värdarnas platser
Select or add a route	Route auswählen oder hinzufügen	Choisir ou ajouter un parcours	Seleccionar o añadir una ruta	Välj eller lägg till en rutt
Edit on Map	Auf Karte bearbeiten	Modifier sur la carte	Editar en el mapa	Redigera på kartan
Revert	Zurücksetzen	Annuler les modifications	Revertir	Återställ
Save	Speichern	Enregistrer	Guardar	Spara
Cancel	Abbrechen	Annuler	Cancelar	Avbryt
Open	Öffnen	Ouvrir	Abrir	Öppna
Close	Schließen	Fermer	Cerrar	Stäng
Yes	Ja	Oui	Sí	Ja
No	Nein	Non	No	Nej
Show Details...	Details anzeigen…	Afficher les détails…	Mostrar detalles…	Visa detaljer…
Hide Details...	Details ausblenden…	Masquer les détails…	Ocultar detalles…	Dölj detaljer…
+ Add	+ Hinzufügen	+ Ajouter	+ Añadir	+ Lägg till
Remove	Entfernen	Retirer	Quitar	Ta bort
Clear Routes	Alle Routen löschen	Effacer les parcours	Borrar rutas	Rensa rutter
Verify all routes	Alle Routen prüfen	Vérifier tous les parcours	Verificar todas las rutas	Kontrollera alla rutter
Generate Routes	Routen erzeugen	Générer les parcours	Generar rutas	Generera rutter
Pre-Gen	Vorab erzeugen	Pré-générer	Pregenerar	Förgenerera
Map	Karte	Carte	Mapa	Karta
Search this table…	Diese Tabelle durchsuchen…	Rechercher dans ce tableau…	Buscar en esta tabla…	Sök i tabellen…
Data changed. Verify routes again.	Daten geändert. Routen erneut prüfen.	Données modifiées. Vérifiez à nouveau les parcours.	Datos modificados. Verifica las rutas de nuevo.	Data ändrades. Kontrollera rutterna igen.
Remove this stop	Diesen Halt entfernen	Retirer cette étape	Quitar esta parada	Ta bort detta stopp
Looking up addresses…	Adressen werden gesucht…	Recherche d’adresses…	Buscando direcciones…	Söker adresser…
Find Addresses · Photon / OpenStreetMap	Adressen suchen · Photon / OpenStreetMap	Rechercher les adresses · Photon / OpenStreetMap	Buscar direcciones · Photon / OpenStreetMap	Hitta adresser · Photon / OpenStreetMap
Reference unavailable	Verweis nicht verfügbar	Référence indisponible	Referencia no disponible	Referens saknas
Delete data and clear references	Daten löschen und Verweise entfernen	Supprimer les données et les références	Eliminar datos y referencias	Radera data och ta bort referenser
Delete and clear references	Löschen und Verweise entfernen	Supprimer et effacer les références	Eliminar y borrar referencias	Radera och ta bort referenser
CSV files (*.csv)	CSV-Dateien (*.csv)	Fichiers CSV (*.csv)	Archivos CSV (*.csv)	CSV-filer (*.csv)
Dinner safari projects (*.dsf)	Dinner-Safari-Projekte (*.dsf)	Projets de dîner itinérant (*.dsf)	Proyectos de cena itinerante (*.dsf)	Middagssafariprojekt (*.dsf)
Choose how to import this CSV	CSV-Import festlegen	Choisir comment importer ce CSV	Elegir cómo importar este CSV	Välj hur CSV-filen ska importeras
Map each data column to a CSV column. Unmapped fields use their defaults. Missing or blank IDs are generated automatically.	Jeder Datenspalte eine CSV-Spalte zuordnen. Nicht zugeordnete Felder verwenden Standardwerte. Fehlende oder leere IDs werden automatisch erzeugt.	Associez chaque colonne de données à une colonne CSV. Les champs non associés utilisent leur valeur par défaut. Les ID manquants ou vides sont générés automatiquement.	Asigna cada columna de datos a una columna CSV. Los campos sin asignar usan valores predeterminados. Los ID ausentes o vacíos se generan automáticamente.	Koppla varje datakolumn till en CSV-kolumn. Fält utan koppling får standardvärden. Saknade eller tomma ID:n genereras automatiskt.
Comma (,)	Komma (,)	Virgule (,)	Coma (,)	Komma (,)
Semicolon (;)	Semikolon (;)	Point-virgule (;)	Punto y coma (;)	Semikolon (;)
Tab	Tabulator	Tabulation	Tabulación	Tabb
Tab (\t)	Tabulator (\t)	Tabulation (\t)	Tabulación (\t)	Tabb (\t)
Pipe (|)	Senkrechter Strich (|)	Barre verticale (|)	Barra vertical (|)	Lodstreck (|)
CSV delimiter	CSV-Trennzeichen	Séparateur CSV	Delimitador CSV	CSV-avgränsare
CSV preview (first five rows)	CSV-Vorschau (erste fünf Zeilen)	Aperçu CSV (cinq premières lignes)	Vista previa CSV (primeras cinco filas)	CSV-förhandsvisning (första fem raderna)
Do not import (use default)	Nicht importieren (Standard verwenden)	Ne pas importer (valeur par défaut)	No importar (usar valor predeterminado)	Importera inte (använd standardvärde)
Participant	Teilnehmer	Participant	Participante	Deltagare
Participants	Teilnehmer	Participants	Participantes	Deltagare
Stops	Halte	Étapes	Paradas	Stopp
Routes	Routen	Parcours	Rutas	Rutter
participant	Teilnehmer	participant	participante	deltagare
stop	Halt	étape	parada	stopp
route	Route	parcours	ruta	rutt
participants	Teilnehmer	participants	participantes	deltagare
stops	Halte	étapes	paradas	stopp
routes	Routen	parcours	rutas	rutter
entry	Eintrag	entrée	entrada	post
entries	Einträge	entrées	entradas	poster
Distance (km)	Entfernung (km)	Distance (km)	Distancia (km)	Avstånd (km)
Warnings	Warnungen	Avertissements	Advertencias	Varningar
Safe Edit	Sicheres Bearbeiten	Modification sécurisée	Edición segura	Säker redigering
Preferred minimum segment length (km)	Bevorzugte Mindestetappenlänge (km)	Longueur minimale souhaitée (km)	Longitud mínima preferida del tramo (km)	Önskad minsta sträcklängd (km)
Preferred maximum segment length (km)	Bevorzugte Höchstetappenlänge (km)	Longueur maximale souhaitée (km)	Longitud máxima preferida del tramo (km)	Önskad största sträcklängd (km)
Dark Mode	Dunkelmodus	Mode sombre	Modo oscuro	Mörkt läge
OSM-data	OSM-Daten	Données OSM	Datos OSM	OSM-data
Verify on Change	Bei Änderungen prüfen	Vérifier après modification	Verificar al cambiar	Kontrollera vid ändring
CSV-Delimiter	CSV-Trennzeichen	Séparateur CSV	Delimitador CSV	CSV-avgränsare
Maximum solver time	Maximale Lösungszeit	Durée maximale de calcul	Tiempo máximo de cálculo	Maximal lösningstid
Respect existing routes	Bestehende Routen beibehalten	Respecter les parcours existants	Respetar las rutas existentes	Behåll befintliga rutter
Ignore	Ignorieren	Ignorer	Ignorar	Ignorera
Warning preferences changed. Verify routes again.	Warneinstellungen geändert. Routen erneut prüfen.	Préférences d’avertissement modifiées. Vérifiez à nouveau les parcours.	Preferencias de advertencias modificadas. Verifica las rutas de nuevo.	Varningsinställningar ändrades. Kontrollera rutterna igen.
Finish route editing or address lookup before saving the project.	Vor dem Speichern die Routenbearbeitung oder Adresssuche abschließen.	Terminez la modification du parcours ou la recherche d’adresses avant d’enregistrer le projet.	Termina la edición de rutas o la búsqueda de direcciones antes de guardar el proyecto.	Avsluta ruttredigeringen eller adressökningen innan du sparar projektet.
Finish route editing or address lookup before loading a project.	Vor dem Öffnen die Routenbearbeitung oder Adresssuche abschließen.	Terminez la modification du parcours ou la recherche d’adresses avant d’ouvrir un projet.	Termina la edición de rutas o la búsqueda de direcciones antes de cargar un proyecto.	Avsluta ruttredigeringen eller adressökningen innan du läser in ett projekt.
Project loaded. Verify routes to check assignments.	Projekt geladen. Routen zur Prüfung der Zuordnungen verifizieren.	Projet chargé. Vérifiez les parcours pour contrôler les affectations.	Proyecto cargado. Verifica las rutas para comprobar las asignaciones.	Projektet lästes in. Kontrollera rutterna för att granska tilldelningarna.
Length preferences changed. Verify routes again.	Längeneinstellungen geändert. Routen erneut prüfen.	Préférences de distance modifiées. Vérifiez à nouveau les parcours.	Preferencias de longitud modificadas. Verifica las rutas de nuevo.	Längdinställningar ändrades. Kontrollera rutterna igen.
Map display	Kartenanzeige	Affichage de la carte	Visualización del mapa	Kartvisning
Selected route	Ausgewählte Route	Parcours sélectionné	Ruta seleccionada	Vald rutt
All routes	Alle Routen	Tous les parcours	Todas las rutas	Alla rutter
Hosts only	Nur Gastgeber	Hôtes uniquement	Solo anfitriones	Endast värdar
Fit to hosts	Alle Gastgeber zeigen	Cadrer les hôtes	Ajustar a anfitriones	Visa alla värdar
Lines show course order as straight-line previews, not cycling paths. Map tiles need internet access.	Linien zeigen die Gangfolge als Luftlinien, nicht als Radwege. Kartenkacheln benötigen Internetzugang.	Les lignes montrent l’ordre des services à vol d’oiseau, pas les pistes cyclables. Les tuiles cartographiques nécessitent Internet.	Las líneas muestran el orden de los platos en línea recta, no caminos ciclistas. El mapa necesita conexión a Internet.	Linjerna visar rätternas ordning som fågelvägar, inte cykelvägar. Kartbilder kräver internetanslutning.
Import CSV	CSV importieren	Importer un CSV	Importar CSV	Importera CSV
Export CSV	CSV exportieren	Exporter un CSV	Exportar CSV	Exportera CSV
Find Addresses	Adressen suchen	Rechercher les adresses	Buscar direcciones	Hitta adresser
Edit selected	Auswahl bearbeiten	Modifier la sélection	Editar selección	Redigera markerad
Remove selected	Auswahl entfernen	Retirer la sélection	Quitar selección	Ta bort markerad
Delete all	Alle löschen	Tout supprimer	Eliminar todo	Radera alla
Add	Hinzufügen	Ajouter	Añadir	Lägg till
Edit	Bearbeiten	Modifier	Editar	Redigera
Address	Adresse	Adresse	Dirección	Adress
Route	Route	Parcours	Ruta	Rutt
Allergies	Allergien	Allergies	Alergias	Allergier
Host	Gastgeber	Hôte	Anfitrión	Värd
Guests	Gäste	Invités	Invitados	Gäster
Course	Gang	Service	Plato	Rätt
Show participant	Teilnehmer anzeigen	Afficher le participant	Mostrar participante	Visa deltagare
Double-click a route ID to open its Routes row. Participants may have one route.	Eine Routen-ID doppelklicken, um ihre Routenzeile zu öffnen. Teilnehmer können eine Route haben.	Double-cliquez sur un ID de parcours pour ouvrir sa ligne. Chaque participant peut avoir un parcours.	Haz doble clic en un ID de ruta para abrir su fila. Cada participante puede tener una ruta.	Dubbelklicka på ett rutt-ID för att öppna ruttraden. Deltagare kan ha en rutt.
Double-click a host or guest ID to open its Participants row. Hover an ID to see the name. Use Edit selected to change a stop.	Eine Gastgeber- oder Gäste-ID doppelklicken, um die Teilnehmerzeile zu öffnen. Mit der Maus über einer ID den Namen anzeigen. Auswahl bearbeiten ändert einen Halt.	Double-cliquez sur un ID d’hôte ou d’invité pour ouvrir sa ligne. Survolez un ID pour voir le nom. Modifier la sélection permet de changer une étape.	Haz doble clic en un ID de anfitrión o invitado para abrir su fila. Pasa el cursor para ver el nombre. Usa Editar selección para cambiar una parada.	Dubbelklicka på ett värd- eller gäst-ID för att öppna deltagarraden. Håll musen över ett ID för att se namnet. Använd Redigera markerad för att ändra ett stopp.
Double-click a course stop ID to open its Stops row. Edit selected changes route assignments.	Eine Halt-ID doppelklicken, um ihre Haltzeile zu öffnen. Auswahl bearbeiten ändert Routenzuordnungen.	Double-cliquez sur un ID d’étape pour ouvrir sa ligne. Modifier la sélection change les affectations du parcours.	Haz doble clic en un ID de parada para abrir su fila. Editar selección cambia las asignaciones de ruta.	Dubbelklicka på ett stopp-ID för att öppna stoppraden. Redigera markerad ändrar rutttilldelningar.
Unassigned	Nicht zugeordnet	Non affecté	Sin asignar	Ej tilldelad
All courses assigned	Alle Gänge zugeordnet	Tous les services sont affectés	Todos los platos asignados	Alla rätter tilldelade
Unknown participant	Unbekannter Teilnehmer	Participant inconnu	Participante desconocido	Okänd deltagare
Host unavailable	Gastgeber nicht verfügbar	Hôte indisponible	Anfitrión no disponible	Värd saknas
Participant unavailable	Teilnehmer nicht verfügbar	Participant indisponible	Participante no disponible	Deltagare saknas
Save or Revert the route before opening data tables.	Route speichern oder zurücksetzen, bevor Datentabellen geöffnet werden.	Enregistrez ou annulez le parcours avant d’ouvrir les tableaux de données.	Guarda o revierte la ruta antes de abrir las tablas de datos.	Spara eller återställ rutten innan du öppnar datatabellerna.
Route draft updated · Save to commit or Revert to discard	Routenentwurf aktualisiert · Speichern zum Übernehmen oder Zurücksetzen zum Verwerfen	Brouillon du parcours actualisé · Enregistrer pour appliquer ou annuler les modifications	Borrador actualizado · Guarda para aplicar o revierte para descartar	Ruttutkast uppdaterat · Spara för att tillämpa eller Återställ för att förkasta
Stop removed from draft · Save to commit or Revert to discard	Halt aus Entwurf entfernt · Speichern zum Übernehmen oder Zurücksetzen zum Verwerfen	Étape retirée du brouillon · Enregistrer pour appliquer ou annuler les modifications	Parada eliminada del borrador · Guarda para aplicar o revierte para descartar	Stopp borttaget från utkast · Spara för att tillämpa eller Återställ för att förkasta
Add participants first.	Zuerst Teilnehmer hinzufügen.	Ajoutez d’abord des participants.	Añade participantes primero.	Lägg till deltagare först.
Generated routes applied. Save Project to retain them.	Erzeugte Routen übernommen. Projekt speichern, um sie zu behalten.	Parcours générés appliqués. Enregistrez le projet pour les conserver.	Rutas generadas aplicadas. Guarda el proyecto para conservarlas.	Genererade rutter tillämpades. Spara projektet för att behålla dem.
Generated routes discarded; project unchanged.	Erzeugte Routen verworfen; Projekt unverändert.	Parcours générés abandonnés ; projet inchangé.	Rutas generadas descartadas; proyecto sin cambios.	Genererade rutter förkastades; projektet är oförändrat.
Generation cancelled; project unchanged.	Erzeugung abgebrochen; Projekt unverändert.	Génération annulée ; projet inchangé.	Generación cancelada; proyecto sin cambios.	Genereringen avbröts; projektet är oförändrat.
The project changed during generation. The result was discarded.	Das Projekt wurde während der Erzeugung geändert. Das Ergebnis wurde verworfen.	Le projet a changé pendant la génération. Le résultat a été abandonné.	El proyecto cambió durante la generación. Se descartó el resultado.	Projektet ändrades under genereringen. Resultatet förkastades.
Import failed	Import fehlgeschlagen	Échec de l’importation	Error de importación	Importen misslyckades
Export failed	Export fehlgeschlagen	Échec de l’exportation	Error de exportación	Exporten misslyckades
Replace table	Tabelle ersetzen	Remplacer le tableau	Reemplazar tabla	Ersätt tabell
Save Project failed	Projekt konnte nicht gespeichert werden	Échec de l’enregistrement du projet	Error al guardar el proyecto	Projektet kunde inte sparas
Load Project failed	Projekt konnte nicht geöffnet werden	Échec de l’ouverture du projet	Error al cargar el proyecto	Projektet kunde inte läsas in
Replace unsaved project	Ungespeichertes Projekt ersetzen	Remplacer le projet non enregistré	Reemplazar proyecto sin guardar	Ersätt osparat projekt
Replace the current project and discard its unsaved changes?	Aktuelles Projekt ersetzen und ungespeicherte Änderungen verwerfen?	Remplacer le projet actuel et abandonner les modifications non enregistrées ?	¿Reemplazar el proyecto actual y descartar los cambios sin guardar?	Ersätta det aktuella projektet och förkasta osparade ändringar?
Discard route draft?	Routenentwurf verwerfen?	Abandonner le brouillon du parcours ?	¿Descartar el borrador de la ruta?	Förkasta ruttutkastet?
Close and discard the unsaved map edits?	Schließen und ungespeicherte Kartenänderungen verwerfen?	Fermer et abandonner les modifications non enregistrées de la carte ?	¿Cerrar y descartar los cambios del mapa sin guardar?	Stänga och förkasta osparade kartändringar?
Close workspace	Arbeitsbereich schließen	Fermer l’espace de travail	Cerrar el espacio de trabajo	Stäng arbetsytan
Your project has unsaved changes. Save Project before closing to retain all tables and project settings. Close anyway?	Das Projekt enthält ungespeicherte Änderungen. Vor dem Schließen speichern, um alle Tabellen und Projekteinstellungen zu behalten. Trotzdem schließen?	Le projet contient des modifications non enregistrées. Enregistrez-le avant de fermer pour conserver les tableaux et paramètres. Fermer quand même ?	El proyecto tiene cambios sin guardar. Guárdalo antes de cerrar para conservar las tablas y la configuración. ¿Cerrar de todos modos?	Projektet har osparade ändringar. Spara projektet före stängning för att behålla alla tabeller och projektinställningar. Stänga ändå?
Cancelling route generation before closing…	Routenerzeugung wird vor dem Schließen abgebrochen…	Annulation de la génération avant fermeture…	Cancelando la generación antes de cerrar…	Avbryter ruttgenereringen före stängning…
Cancelling address lookup before closing…	Adresssuche wird vor dem Schließen abgebrochen…	Annulation de la recherche d’adresses avant fermeture…	Cancelando la búsqueda de direcciones antes de cerrar…	Avbryter adressökningen före stängning…
No warnings	Keine Warnungen	Aucun avertissement	Sin advertencias	Inga varningar
Straight-line estimate	Luftlinienschätzung	Estimation à vol d’oiseau	Estimación en línea recta	Uppskattning med fågelväg
Automatic verification off. Verify after saving your edits.	Automatische Prüfung aus. Nach dem Speichern der Änderungen prüfen.	Vérification automatique désactivée. Vérifiez après avoir enregistré vos modifications.	Verificación automática desactivada. Verifica después de guardar los cambios.	Automatisk kontroll är avstängd. Kontrollera efter att du sparat ändringarna.
New stop	Neuer Halt	Nouvelle étape	Nueva parada	Nytt stopp
No eligible stops	Keine geeigneten Halte	Aucune étape admissible	Sin paradas aptas	Inga tillåtna stopp
Route edit rejected	Routenänderung abgelehnt	Modification du parcours refusée	Edición de ruta rechazada	Ruttändringen avvisades
Participants & pairings	Teilnehmer und Paare	Participants et binômes	Participantes y parejas	Deltagare och par
Dinner stops	Dinner-Halte	Étapes du dîner	Paradas de la cena	Middagsstopp
Dinner routes	Dinner-Routen	Parcours du dîner	Rutas de la cena	Middagsrutter
Route contains stops with few guests.	Route enthält Halte mit wenigen Gästen.	Le parcours contient des étapes avec peu d’invités.	La ruta contiene paradas con pocos invitados.	Rutten innehåller stopp med få gäster.
Route contains stops with many guests.	Route enthält Halte mit vielen Gästen.	Le parcours contient des étapes avec beaucoup d’invités.	La ruta contiene paradas con muchos invitados.	Rutten innehåller stopp med många gäster.
Short Route segment.	Kurze Routenetappe.	Tronçon du parcours trop court.	Tramo de ruta corto.	Kort ruttsträcka.
Long Route segment.	Lange Routenetappe.	Tronçon du parcours trop long.	Tramo de ruta largo.	Lång ruttsträcka.
Participant is not hosting.	Teilnehmer ist kein Gastgeber.	Le participant n’accueille aucun service.	El participante no es anfitrión.	Deltagaren är inte värd.
Participant is repeat host.	Teilnehmer ist mehrfach Gastgeber.	Le participant accueille plusieurs services.	El participante es anfitrión varias veces.	Deltagaren är värd flera gånger.
Participant is not assigned all 3 stops.	Teilnehmer hat nicht alle 3 Halte zugeordnet.	Le participant n’a pas ses 3 étapes affectées.	El participante no tiene las 3 paradas asignadas.	Deltagaren har inte tilldelats alla 3 stopp.
Repeat meetups.	Wiederholte Begegnungen.	Rencontres répétées.	Encuentros repetidos.	Upprepade möten.
Empty route.	Leere Route.	Parcours vide.	Ruta vacía.	Tom rutt.
Route segment exceeds hard maximum distance.	Routenetappe überschreitet die absolute Höchstentfernung.	Un tronçon dépasse la distance maximale absolue.	Un tramo supera la distancia máxima obligatoria.	Ruttsträckan överskrider det absoluta maxavståndet.
Route contains stop(s) without a host.	Route enthält Halte ohne Gastgeber.	Le parcours contient des étapes sans hôte.	La ruta contiene paradas sin anfitrión.	Rutten innehåller stopp utan värd.
Host already assigned to other stop.	Gastgeber ist bereits einem anderen Halt zugeordnet.	L’hôte est déjà affecté à une autre étape.	El anfitrión ya está asignado a otra parada.	Värden har redan tilldelats ett annat stopp.
Average total distance	Durchschnittliche Gesamtentfernung	Distance totale moyenne	Distancia total media	Genomsnittligt totalavstånd
Shortest leg	Kürzeste Etappe	Tronçon le plus court	Tramo más corto	Kortaste sträcka
Shortest total distance	Kürzeste Gesamtentfernung	Distance totale la plus courte	Distancia total más corta	Kortaste totalavstånd
Longest leg	Längste Etappe	Tronçon le plus long	Tramo más largo	Längsta sträcka
Longest total length	Längste Gesamtstrecke	Distance totale la plus longue	Distancia total más larga	Längsta totalavstånd
Solution information	Lösungsübersicht	Informations sur la solution	Información de la solución	Lösningsinformation
Straight-line estimates. Totals include only complete routes with coordinates.	Luftlinienschätzungen. Gesamtwerte enthalten nur vollständige Routen mit Koordinaten.	Estimations à vol d’oiseau. Les totaux ne comprennent que les parcours complets avec coordonnées.	Estimaciones en línea recta. Los totales solo incluyen rutas completas con coordenadas.	Uppskattningar med fågelväg. Totalvärden omfattar bara kompletta rutter med koordinater.
Run Verify all routes to update warnings and errors.	Alle Routen prüfen, um Warnungen und Fehler zu aktualisieren.	Lancez Vérifier tous les parcours pour actualiser les avertissements et erreurs.	Pulsa Verificar todas las rutas para actualizar advertencias y errores.	Kör Kontrollera alla rutter för att uppdatera varningar och fel.
Counts show affected routes per issue type.	Zahlen zeigen betroffene Routen je Problemart.	Les nombres indiquent les parcours concernés par type de problème.	Los números indican las rutas afectadas por cada tipo de problema.	Antalen visar berörda rutter per problemtyp.
No warnings or errors.	Keine Warnungen oder Fehler.	Aucun avertissement ni erreur.	Sin advertencias ni errores.	Inga varningar eller fel.
Preparing automatic routes…	Automatische Routen werden vorbereitet…	Préparation des parcours automatiques…	Preparando rutas automáticas…	Förbereder automatiska rutter…
Preparing distances and assignment constraints…	Entfernungen und Zuordnungsbedingungen werden vorbereitet…	Préparation des distances et contraintes d’affectation…	Preparando distancias y restricciones de asignación…	Förbereder avstånd och tilldelningsvillkor…
Feasible starting assignment ready; building optimization model…	Gültige Startzuordnung bereit; Optimierungsmodell wird erstellt…	Affectation initiale réalisable prête ; construction du modèle d’optimisation…	Asignación inicial factible lista; creando el modelo de optimización…	Giltig starttilldelning klar; bygger optimeringsmodellen…
Minimizing warnings	Warnungen minimieren	Minimisation des avertissements	Minimizando advertencias	Minimerar varningar
Reducing violation severity	Schwere der Abweichungen verringern	Réduction de la gravité des écarts	Reduciendo la gravedad de las infracciones	Minskar avvikelsernas allvarlighet
Balancing travel	Fahrtstrecken ausgleichen	Équilibrage des trajets	Equilibrando desplazamientos	Balanserar resavstånden
Reducing total travel	Gesamtstrecke verringern	Réduction de la distance totale	Reduciendo la distancia total	Minskar det totala resavståndet
Optimal assignment found.	Optimale Zuordnung gefunden.	Affectation optimale trouvée.	Asignación óptima encontrada.	Optimal tilldelning hittades.
Valid assignment found; optimality was not proven within the time limit.	Gültige Zuordnung gefunden; Optimalität wurde innerhalb der Zeitgrenze nicht bewiesen.	Affectation valide trouvée ; l’optimalité n’a pas été démontrée dans le temps imparti.	Asignación válida encontrada; no se demostró la optimalidad dentro del tiempo límite.	Giltig tilldelning hittades; optimalitet kunde inte bevisas inom tidsgränsen.
Valid assignment found using candidate neighbourhoods; global optimality was not proven.	Gültige Zuordnung mit begrenzten Kandidaten gefunden; globale Optimalität wurde nicht bewiesen.	Affectation valide trouvée dans les voisinages candidats ; l’optimalité globale n’a pas été démontrée.	Asignación válida encontrada en los vecindarios candidatos; no se demostró la optimalidad global.	Giltig tilldelning hittades med kandidatgrannskap; global optimalitet kunde inte bevisas.
No assignment found in the candidate neighbourhoods; full infeasibility was not proven.	Keine Zuordnung in den Kandidatengruppen gefunden; allgemeine Unlösbarkeit wurde nicht bewiesen.	Aucune affectation trouvée dans les voisinages candidats ; l’impossibilité globale n’a pas été démontrée.	No se encontró una asignación en los vecindarios candidatos; no se demostró la imposibilidad global.	Ingen tilldelning hittades i kandidatgrannskapen; generell olösbarhet kunde inte bevisas.
No assignment satisfies all hard constraints.	Keine Zuordnung erfüllt alle zwingenden Bedingungen.	Aucune affectation ne respecte toutes les contraintes obligatoires.	Ninguna asignación cumple todas las restricciones obligatorias.	Ingen tilldelning uppfyller alla absoluta villkor.
Generation cancelled; the project was kept.	Erzeugung abgebrochen; Projekt beibehalten.	Génération annulée ; le projet a été conservé.	Generación cancelada; se conservó el proyecto.	Genereringen avbröts; projektet behölls.
Time limit reached without a valid assignment. Try a longer maximum time.	Zeitgrenze ohne gültige Zuordnung erreicht. Eine längere Höchstzeit versuchen.	Temps imparti écoulé sans affectation valide. Essayez une durée maximale plus longue.	Tiempo límite alcanzado sin una asignación válida. Prueba un tiempo máximo mayor.	Tidsgränsen nåddes utan giltig tilldelning. Försök med längre maximal tid.
Time limit reached before a valid assignment was found.	Zeitgrenze erreicht, bevor eine gültige Zuordnung gefunden wurde.	Temps imparti écoulé avant de trouver une affectation valide.	Tiempo límite alcanzado antes de encontrar una asignación válida.	Tidsgränsen nåddes innan en giltig tilldelning hittades.
Valid starting assignment retained; time limit reached during preparation.	Gültige Startzuordnung beibehalten; Zeitgrenze während der Vorbereitung erreicht.	Affectation initiale valide conservée ; temps imparti écoulé pendant la préparation.	Se conservó la asignación inicial válida; se alcanzó el límite durante la preparación.	Giltig starttilldelning behölls; tidsgränsen nåddes under förberedelsen.
Pre-Gen needs at least four participants (25% rounded down).	Vorab-Erzeugung benötigt mindestens vier Teilnehmer (25 % abgerundet).	La pré-génération nécessite au moins quatre participants (25 % arrondis à l’entier inférieur).	La pregeneración necesita al menos cuatro participantes (25 % redondeado hacia abajo).	Förgenerering kräver minst fyra deltagare (25 % avrundat nedåt).
Invalid time limit or segment preferences.	Ungültige Zeitgrenze oder Etappeneinstellungen.	Durée maximale ou préférences de distance invalides.	Tiempo límite o preferencias de tramo no válidos.	Ogiltig tidsgräns eller sträckinställningar.
Find addresses or enter coordinates first.	Zuerst Adressen suchen oder Koordinaten eingeben.	Recherchez les adresses ou saisissez les coordonnées d’abord.	Busca direcciones o introduce coordenadas primero.	Hitta adresser eller ange koordinater först.
Add participants before generating routes.	Vor der Routenerzeugung Teilnehmer hinzufügen.	Ajoutez des participants avant de générer les parcours.	Añade participantes antes de generar rutas.	Lägg till deltagare innan du genererar rutter.
 No more valid triples were found before the time limit or greedy search ended.	 Vor Ende der Zeitgrenze oder der gierigen Suche wurden keine weiteren gültigen Dreiergruppen gefunden.	 Aucun autre trio valide n’a été trouvé avant la fin du temps imparti ou de la recherche gloutonne.	 No se encontraron más tríos válidos antes del límite de tiempo o del fin de la búsqueda voraz.	 Inga fler giltiga trior hittades innan tidsgränsen eller den giriga sökningen tog slut.
 Respect existing routes enabled.	 Bestehende Routen beibehalten aktiviert.	 Respect des parcours existants activé.	 Respeto de las rutas existentes activado.	 Behåll befintliga rutter aktiverades.
OpenStreetMap Standard	OpenStreetMap Standard	OpenStreetMap standard	OpenStreetMap estándar	OpenStreetMap standard
CARTO Positron (Light)	CARTO Positron (hell)	CARTO Positron (clair)	CARTO Positron (claro)	CARTO Positron (ljust)
CARTO Dark Matter (Dark)	CARTO Dark Matter (dunkel)	CARTO Dark Matter (sombre)	CARTO Dark Matter (oscuro)	CARTO Dark Matter (mörkt)
 · draft	 · Entwurf	 · brouillon	 · borrador	 · utkast
 · unsaved changes	 · ungespeicherte Änderungen	 · modifications non enregistrées	 · cambios sin guardar	 · osparade ändringar
Conflict · 	Konflikt · 	Conflit · 	Conflicto · 	Konflikt · 
Checked · 	Geprüft · 	Vérifié · 	Verificado · 	Kontrollerad · 
Ready · Save Project to keep all tables and project settings	Bereit · Projekt speichern, um alle Tabellen und Projekteinstellungen zu behalten	Prêt · Enregistrez le projet pour conserver les tableaux et paramètres	Listo · Guarda el proyecto para conservar las tablas y la configuración	Klar · Spara projektet för att behålla alla tabeller och projektinställningar
Coordinates place this host on the map. Leave them empty to use Find Addresses in Participants.	Koordinaten platzieren den Gastgeber auf der Karte. Leer lassen, um Adressen suchen unter Teilnehmer zu verwenden.	Les coordonnées placent l’hôte sur la carte. Laissez-les vides pour utiliser Rechercher les adresses dans Participants.	Las coordenadas sitúan al anfitrión en el mapa. Déjalas vacías para usar Buscar direcciones en Participantes.	Koordinater placerar värden på kartan. Lämna dem tomma för att använda Hitta adresser under Deltagare.
All pairings already have course assignments.	Alle Paare haben bereits Gangzuordnungen.	Tous les binômes ont déjà leurs services affectés.	Todas las parejas ya tienen platos asignados.	Alla par har redan tilldelats rätter.
Generate all three courses for every participant using straight-line distances. Review the result before applying it.	Alle drei Gänge für jeden Teilnehmer anhand von Luftlinien erzeugen. Das Ergebnis vor dem Übernehmen prüfen.	Générez les trois services pour chaque participant avec des distances à vol d’oiseau. Examinez le résultat avant de l’appliquer.	Genera los tres platos para cada participante usando distancias en línea recta. Revisa el resultado antes de aplicarlo.	Generera alla tre rätter för varje deltagare med fågelvägsavstånd. Granska resultatet innan det tillämpas.
Randomly seed disjoint routes for up to 25% of participants (rounded down). Each owner hosts appetizer and both segments meet the preferred limits. Existing assignments are kept. Enables Respect existing routes.	Zufällige getrennte Startrouten für bis zu 25 % der Teilnehmer (abgerundet). Jeder Routeninhaber richtet die Vorspeise aus; beide Etappen erfüllen die Wunschgrenzen. Bestehende Zuordnungen bleiben erhalten. Aktiviert Bestehende Routen beibehalten.	Créez des parcours initiaux disjoints pour jusqu’à 25 % des participants (arrondi inférieur). Chacun accueille l’entrée ; les deux tronçons respectent les limites souhaitées. Les affectations existantes sont conservées. Active le respect des parcours existants.	Crea rutas iniciales separadas al azar para hasta el 25 % de participantes (redondeado hacia abajo). Cada titular sirve el entrante y ambos tramos cumplen los límites preferidos. Conserva las asignaciones existentes y activa su respeto.	Skapa slumpmässiga separata startrutter för upp till 25 % av deltagarna (avrundat nedåt). Varje ruttägare är värd för förrätten och båda sträckorna uppfyller önskade gränser. Befintliga tilldelningar behålls. Aktiverar Behåll befintliga rutter.
Check course assignments and data references.	Gangzuordnungen und Datenverweise prüfen.	Vérifier les affectations des services et les références.	Comprobar asignaciones de platos y referencias de datos.	Kontrollera rättilldelningar och datareferenser.
Allow only hosts who are home or unassigned for the edited course. Ineligible map stops stay visible at 25% opacity and are excluded from course dropdowns. Disable to allow every host at full opacity. Changes still require Save.	Nur Gastgeber zulassen, die beim bearbeiteten Gang zu Hause oder nicht zugeordnet sind. Ungeeignete Kartenhalte bleiben mit 25 % Deckkraft sichtbar und fehlen in Ganglisten. Deaktivieren, um alle Gastgeber mit voller Deckkraft zuzulassen. Änderungen müssen gespeichert werden.	N’autoriser que les hôtes chez eux ou non affectés pour le service modifié. Les étapes inadmissibles restent visibles à 25 % d’opacité et sont exclues des listes. Désactivez pour autoriser tous les hôtes à pleine opacité. Il faut toujours enregistrer les modifications.	Permite solo anfitriones en casa o sin asignar para el plato editado. Las paradas no aptas siguen visibles al 25 % de opacidad y no aparecen en las listas. Desactiva para permitir todos los anfitriones con opacidad completa. Los cambios requieren Guardar.	Tillåt bara värdar som är hemma eller ej tilldelade för den redigerade rätten. Otillåtna kartstopp visas med 25 % opacitet och utesluts från rättlistorna. Stäng av för att tillåta alla värdar med full opacitet. Ändringar måste fortfarande sparas.
Warn when a segment is shorter than this distance. A soft constraint for automatic route generation. Uses straight-line estimates until cycling paths are available.	Warnen, wenn eine Etappe kürzer als diese Entfernung ist. Eine weiche Bedingung für die automatische Routenerzeugung. Verwendet Luftlinien, bis Radwege verfügbar sind.	Avertir si un tronçon est plus court que cette distance. Contrainte souple pour la génération automatique. Utilise des estimations à vol d’oiseau en attendant les itinéraires cyclables.	Avisa si un tramo es más corto que esta distancia. Es una restricción flexible para la generación automática. Usa estimaciones en línea recta hasta disponer de caminos ciclistas.	Varna när en sträcka är kortare än detta avstånd. Ett mjukt villkor för automatisk ruttgenerering. Använder fågelvägsavstånd tills cykelvägar finns tillgängliga.
Warn when a segment is longer than this distance. Automatic generation treats this as a soft bound and forbids distances over three times this value; verification reports them as errors. Uses straight-line estimates until cycling paths are available.	Warnen, wenn eine Etappe länger als diese Entfernung ist. Automatische Erzeugung behandelt dies als weiche Grenze und verbietet Entfernungen über dem Dreifachen; die Prüfung meldet sie als Fehler. Verwendet Luftlinien, bis Radwege verfügbar sind.	Avertir si un tronçon dépasse cette distance. La génération traite cette limite comme souple et interdit plus de trois fois cette valeur ; la vérification signale alors une erreur. Utilise des estimations à vol d’oiseau en attendant les itinéraires cyclables.	Avisa si un tramo supera esta distancia. La generación la trata como límite flexible y prohíbe superar el triple; la verificación lo indica como error. Usa estimaciones en línea recta hasta disponer de caminos ciclistas.	Varna när en sträcka är längre än detta avstånd. Automatisk generering behandlar gränsen som mjuk och förbjuder avstånd över tre gånger värdet; kontrollen rapporterar dem som fel. Använder fågelvägsavstånd tills cykelvägar finns tillgängliga.
Switch between the light and dark GUI. The map visualization is selected separately below. Saved on this computer.	Zwischen heller und dunkler Oberfläche wechseln. Die Kartendarstellung wird unten separat gewählt. Auf diesem Computer gespeichert.	Basculer entre l’interface claire et sombre. Le fond de carte se choisit séparément ci-dessous. Enregistré sur cet ordinateur.	Alterna entre la interfaz clara y oscura. El estilo del mapa se elige por separado abajo. Se guarda en este equipo.	Växla mellan ljust och mörkt gränssnitt. Kartstilen väljs separat nedan. Sparas på den här datorn.
Choose the OpenStreetMap-based background visualization. Requires internet access for map tiles. Saved on this computer independently of GUI dark mode.	OpenStreetMap-Hintergrund wählen. Kartenkacheln benötigen Internetzugang. Unabhängig vom Dunkelmodus auf diesem Computer gespeichert.	Choisir le fond de carte OpenStreetMap. Les tuiles nécessitent Internet. Enregistré sur cet ordinateur indépendamment du mode sombre.	Elige el fondo basado en OpenStreetMap. El mapa requiere Internet. Se guarda en este equipo independientemente del modo oscuro.	Välj kartbakgrund baserad på OpenStreetMap. Kartbilder kräver internetanslutning. Sparas på den här datorn oberoende av mörkt läge.
Automatically verify after data edits, imports, route saves and map draft changes. Turn off to run verification only with Verify all routes. Draft verification does not save your edits.	Nach Datenänderungen, Importen, Routenspeicherung und Kartenentwürfen automatisch prüfen. Deaktivieren, um nur mit Alle Routen prüfen zu prüfen. Entwurfsprüfung speichert keine Änderungen.	Vérifier automatiquement après modification, importation, enregistrement ou changement du brouillon. Désactivez pour ne vérifier qu’avec Vérifier tous les parcours. La vérification du brouillon n’enregistre pas vos modifications.	Verifica automáticamente tras editar datos, importar, guardar rutas o cambiar el borrador. Desactiva para verificar solo con Verificar todas las rutas. La verificación del borrador no guarda cambios.	Kontrollera automatiskt efter dataändringar, importer, sparade rutter och ändrade kartutkast. Stäng av för att bara kontrollera med Kontrollera alla rutter. Utkastkontroll sparar inte dina ändringar.
Choose the separator used for importing and exporting all three CSV tables. Select the delimiter used by the file before importing. Quoted names and guest lists are preserved.	Trennzeichen für Import und Export aller drei CSV-Tabellen wählen. Vor dem Import das Trennzeichen der Datei auswählen. Namen und Gästelisten in Anführungszeichen bleiben erhalten.	Choisir le séparateur des trois tableaux CSV. Sélectionnez celui du fichier avant l’importation. Les noms et listes d’invités entre guillemets sont conservés.	Elige el separador para importar y exportar las tres tablas CSV. Selecciona el del archivo antes de importar. Se conservan los nombres y listas de invitados entre comillas.	Välj avgränsare för import och export av alla tre CSV-tabeller. Välj filens avgränsare före import. Namn och gästlistor inom citattecken bevaras.
Maximum time for preparing and optimizing an automatic assignment, in seconds (default 30). A valid result can be reviewed even if optimality is not proven. Saved on this computer, outside .dsf projects.	Höchstzeit für Vorbereitung und Optimierung einer automatischen Zuordnung in Sekunden (Standard 30). Gültige Ergebnisse können auch ohne Optimalitätsbeweis geprüft werden. Auf diesem Computer, außerhalb von .dsf-Projekten gespeichert.	Durée maximale de préparation et d’optimisation, en secondes (30 par défaut). Un résultat valide peut être examiné sans preuve d’optimalité. Enregistrée sur cet ordinateur, hors des projets .dsf.	Tiempo máximo de preparación y optimización en segundos (30 por defecto). Se puede revisar un resultado válido sin demostrar su optimalidad. Se guarda en este equipo, fuera de los proyectos .dsf.	Maximal tid för förberedelse och optimering av automatisk tilldelning i sekunder (standard 30). Ett giltigt resultat kan granskas även utan bevisad optimalitet. Sparas på den här datorn, utanför .dsf-projekt.
Keep every existing route ID and assigned stop unchanged during generation. Fill empty slots and assign participants without routes. Invalid or conflicting assigned stops prevent generation. Other participants can join existing stops. Saved with the project.	Bestehende Routen-IDs und zugeordnete Halte unverändert lassen. Leere Gänge füllen und Teilnehmer ohne Route zuordnen. Ungültige oder widersprüchliche Halte verhindern die Erzeugung. Andere Teilnehmer können vorhandene Halte besuchen. Im Projekt gespeichert.	Conserver les ID et étapes déjà affectées. Compléter les cases vides et affecter les participants sans parcours. Des étapes invalides ou incompatibles empêchent la génération. D’autres participants peuvent rejoindre les étapes existantes. Enregistré avec le projet.	Mantiene los ID de rutas y las paradas asignadas. Completa huecos y asigna participantes sin ruta. Las paradas no válidas o en conflicto impiden la generación. Otros participantes pueden unirse a paradas existentes. Se guarda con el proyecto.	Behåll befintliga rutt-ID:n och tilldelade stopp. Fyll tomma platser och tilldela deltagare utan rutter. Ogiltiga eller motstridiga stopp förhindrar genereringen. Andra deltagare kan ansluta till befintliga stopp. Sparas med projektet.
Ignore hides a warning. Penalties range from 0 to 5; double-click a slider to reset to 1. Errors are always reported.	Ignorieren blendet eine Warnung aus. Strafen reichen von 0 bis 5; den Regler doppelklicken, um auf 1 zurückzusetzen. Fehler werden immer gemeldet.	Ignorer masque un avertissement. Les pénalités vont de 0 à 5 ; double-cliquez pour revenir à 1. Les erreurs sont toujours signalées.	Ignorar oculta una advertencia. Las penalizaciones van de 0 a 5; haz doble clic para volver a 1. Los errores siempre se muestran.	Ignorera döljer en varning. Straffvärden går från 0 till 5; dubbelklicka på reglaget för att återställa till 1. Fel rapporteras alltid.
Solver penalty multiplier (0–5). Zero removes this penalty without hiding the warning. Double-click to reset to 1. Ignored warnings always have zero solver penalty.	Strafmultiplikator (0–5). Null entfernt die Strafe, ohne die Warnung auszublenden. Doppelklick setzt auf 1 zurück. Ignorierte Warnungen haben immer Strafe null.	Multiplicateur de pénalité (0–5). Zéro supprime la pénalité sans masquer l’avertissement. Double-cliquez pour revenir à 1. Les avertissements ignorés ont toujours une pénalité nulle.	Multiplicador de penalización (0–5). Cero elimina la penalización sin ocultar la advertencia. Haz doble clic para volver a 1. Las advertencias ignoradas siempre tienen penalización cero.	Straffmultiplikator (0–5). Noll tar bort straffet utan att dölja varningen. Dubbelklicka för att återställa till 1. Ignorerade varningar har alltid noll straff.
Find coordinates for all participants without coordinates. Sends their addresses to Photon (OpenStreetMap data); existing coordinates are preserved. Include city and country for better results.	Koordinaten für alle Teilnehmer ohne Koordinaten suchen. Ihre Adressen werden an Photon (OpenStreetMap-Daten) gesendet; vorhandene Koordinaten bleiben erhalten. Stadt und Land für bessere Ergebnisse angeben.	Chercher les coordonnées des participants qui n’en ont pas. Leurs adresses sont envoyées à Photon (données OpenStreetMap) ; les coordonnées existantes sont conservées. Ajoutez ville et pays pour améliorer les résultats.	Busca coordenadas para participantes que no las tienen. Envía sus direcciones a Photon (datos de OpenStreetMap); conserva las coordenadas existentes. Incluye ciudad y país para mejorar los resultados.	Hitta koordinater för deltagare som saknar dem. Adresser skickas till Photon (OpenStreetMap-data); befintliga koordinater bevaras. Ta med ort och land för bättre resultat.
Distances are straight-line estimates. 	Entfernungen sind Luftlinienschätzungen. 	Les distances sont estimées à vol d’oiseau. 	Las distancias se estiman en línea recta. 	Avstånden är uppskattningar med fågelväg. 
Apply keeps assigned stops, completes incomplete routes and assigns remaining participants; guest lists are updated.	Übernehmen behält zugeordnete Halte, vervollständigt unvollständige Routen und ordnet übrige Teilnehmer zu; Gästelisten werden aktualisiert.	Appliquer conserve les étapes affectées, complète les parcours et affecte les autres participants ; les listes d’invités sont actualisées.	Aplicar conserva las paradas asignadas, completa rutas incompletas y asigna los participantes restantes; actualiza las listas de invitados.	Tillämpa behåller tilldelade stopp, kompletterar ofullständiga rutter och tilldelar återstående deltagare; gästlistorna uppdateras.
Apply replaces all route assignments and guest lists; participants and stop records are kept.	Übernehmen ersetzt alle Routenzuordnungen und Gästelisten; Teilnehmer und Haltedatensätze bleiben erhalten.	Appliquer remplace toutes les affectations et listes d’invités ; les participants et étapes sont conservés.	Aplicar reemplaza todas las asignaciones y listas de invitados; conserva los participantes y las paradas.	Tillämpa ersätter alla rutttilldelningar och gästlistor; deltagare och stopposter behålls.
Warning: Active stop group sizes differ by more than one pairing.	Warnung: Aktive Gruppen unterscheiden sich um mehr als ein Paar.	Avertissement : les groupes des étapes actives diffèrent de plus d’un binôme.	Advertencia: los grupos de las paradas activas difieren en más de una pareja.	Varning: grupperna vid aktiva stopp skiljer sig med mer än ett par.
Affected references will be cleared. Deleting participants also deletes their routes. Stops used only by deleted routes will also be deleted. This cannot be undone. Open Show Details to review all affected entries and references.	Betroffene Verweise werden entfernt. Das Löschen von Teilnehmern löscht auch deren Routen. Nur von gelöschten Routen benutzte Halte werden ebenfalls gelöscht. Dies kann nicht rückgängig gemacht werden. Details anzeigen zeigt alle betroffenen Einträge und Verweise.	Les références concernées seront effacées. Supprimer des participants supprime aussi leurs parcours. Les étapes utilisées seulement par les parcours supprimés seront supprimées. Cette action est irréversible. Afficher les détails présente les éléments concernés.	Se borrarán las referencias afectadas. Eliminar participantes también elimina sus rutas y las paradas usadas solo por rutas eliminadas. No se puede deshacer. Abre Mostrar detalles para revisar los datos afectados.	Berörda referenser tas bort. Radering av deltagare raderar även deras rutter. Stopp som bara används av raderade rutter raderas också. Detta kan inte ångras. Öppna Visa detaljer för att granska berörda poster och referenser.
Map CSV columns · {0}	CSV-Spalten zuordnen · {0}	Associer les colonnes CSV · {0}	Asignar columnas CSV · {0}	Koppla CSV-kolumner · {0}
{0} · Cykelfest	{0} · Fahrradparty	{0} · Fête à vélo	{0} · Fiesta en bici	{0} · Cykelfest
Saved project to {0}	Projekt in {0} gespeichert	Projet enregistré dans {0}	Proyecto guardado en {0}	Projektet sparades i {0}
Loaded project from {0}	Projekt aus {0} geladen	Projet chargé depuis {0}	Proyecto cargado desde {0}	Projektet lästes in från {0}
Data · {0}	Daten · {0}	Données · {0}	Datos · {0}	Data · {0}
{0} pairings  ·  {1} stops  ·  {2} routes	{0} Paare  ·  {1} Halte  ·  {2} Routen	{0} binômes  ·  {1} étapes  ·  {2} parcours	{0} parejas  ·  {1} paradas  ·  {2} rutas	{0} par  ·  {1} stopp  ·  {2} rutter
{0}/{1} addresses checked\n{2}	{0}/{1} Adressen geprüft\n{2}	{0}/{1} adresses vérifiées\n{2}	{0}/{1} direcciones comprobadas\n{2}	{0}/{1} adresser kontrollerade\n{2}
Added coordinates for {0} participants. {1} skipped because their address is empty.	Koordinaten für {0} Teilnehmer ergänzt. {1} wegen leerer Adresse übersprungen.	Coordonnées ajoutées pour {0} participants. {1} ignorés car leur adresse est vide.	Coordenadas añadidas para {0} participantes. {1} omitidos por dirección vacía.	Koordinater lades till för {0} deltagare. {1} hoppades över på grund av tom adress.
\n{0} results skipped because the participant data changed during lookup.	\n{0} Ergebnisse übersprungen, weil Teilnehmerdaten während der Suche geändert wurden.	\n{0} résultats ignorés car les données des participants ont changé pendant la recherche.	\n{0} resultados omitidos porque los datos cambiaron durante la búsqueda.	\n{0} resultat hoppades över eftersom deltagardata ändrades under sökningen.
\n{0} lookup/cache issues.	\n{0} Such-/Cacheprobleme.	\n{0} problèmes de recherche/cache.	\n{0} problemas de búsqueda/caché.	\n{0} sök-/cacheproblem.
{0} does not exist in {1}. Import or add the referenced record.	{0} existiert nicht in {1}. Den verwiesenen Datensatz importieren oder hinzufügen.	{0} n’existe pas dans {1}. Importez ou ajoutez l’enregistrement référencé.	{0} no existe en {1}. Importa o añade el registro referenciado.	{0} finns inte i {1}. Importera eller lägg till den refererade posten.
Delete {0} {1} {2}?	{0} {1} {2} löschen?	Supprimer {0} {2} de {1} ?	¿Eliminar {0} {2} de {1}?	Radera {0} {2} för {1}?
{0}\nElapsed: {1}:{2} · Time limit: {3}s	{0}\nVergangen: {1}:{2} · Zeitgrenze: {3}s	{0}\nÉcoulé : {1}:{2} · Limite : {3}s	{0}\nTranscurrido: {1}:{2} · Límite: {3}s	{0}\nFörflutet: {1}:{2} · Tidsgräns: {3}s
{0} routes with errors · {1} routes with warnings · {2} pairings without routes. Distances are straight-line estimates.	{0} Routen mit Fehlern · {1} Routen mit Warnungen · {2} Paare ohne Route. Entfernungen sind Luftlinienschätzungen.	{0} parcours avec erreurs · {1} avec avertissements · {2} binômes sans parcours. Distances estimées à vol d’oiseau.	{0} rutas con errores · {1} con advertencias · {2} parejas sin ruta. Distancias estimadas en línea recta.	{0} rutter med fel · {1} rutter med varningar · {2} par utan rutter. Avstånden är uppskattningar med fågelväg.
Import {0}	{0} importieren	Importer {0}	Importar {0}	Importera {0}
Export {0}	{0} exportieren	Exporter {0}	Exportar {0}	Exportera {0}
{0} complete routes · {1} active stops · {2} warnings · group sizes {3}–{4} pairings · {5} seconds	{0} vollständige Routen · {1} aktive Halte · {2} Warnungen · Gruppengrößen {3}–{4} Paare · {5} Sekunden	{0} parcours complets · {1} étapes actives · {2} avertissements · groupes de {3}–{4} binômes · {5} secondes	{0} rutas completas · {1} paradas activas · {2} advertencias · grupos de {3}–{4} parejas · {5} segundos	{0} kompletta rutter · {1} aktiva stopp · {2} varningar · gruppstorlekar {3}–{4} par · {5} sekunder
Ignore the warning '{0}' during verification. Saved with the project.	Die Warnung „{0}“ bei der Prüfung ignorieren. Im Projekt gespeichert.	Ignorer l’avertissement « {0} » lors de la vérification. Enregistré avec le projet.	Ignorar la advertencia «{0}» al verificar. Se guarda con el proyecto.	Ignorera varningen ”{0}” vid kontroll. Sparas med projektet.
Center map on {0}	Karte auf {0} zentrieren	Centrer la carte sur {0}	Centrar mapa en {0}	Centrera kartan på {0}
Center {0}	{0} zentrieren	Centrer {0}	Centrar {0}	Centrera {0}
Choose a stop for {0}	Halt für {0} wählen	Choisir une étape pour {0}	Elegir parada para {0}	Välj ett stopp för {0}
Edit {0}	{0} bearbeiten	Modifier {0}	Editar {0}	Redigera {0}
No addresses to look up. {0} participants without coordinates have an empty address.	Keine Adressen zu suchen. {0} Teilnehmer ohne Koordinaten haben keine Adresse.	Aucune adresse à rechercher. {0} participants sans coordonnées ont une adresse vide.	No hay direcciones que buscar. {0} participantes sin coordenadas tienen la dirección vacía.	Inga adresser att söka. {0} deltagare utan koordinater saknar adress.
Exported {0} to {1}. Export the other tables to retain all data.	{0} nach {1} exportiert. Andere Tabellen exportieren, um alle Daten zu behalten.	{0} exporté vers {1}. Exportez les autres tableaux pour conserver toutes les données.	{0} exportado a {1}. Exporta las demás tablas para conservar todos los datos.	{0} exporterades till {1}. Exportera övriga tabeller för att behålla alla data.
Exported participant results to {0}	Teilnehmerergebnisse nach {0} exportiert	Résultats des participants exportés vers {0}	Resultados de participantes exportados a {0}	Deltagarresultat exporterades till {0}
ID {0} already exists.	ID {0} existiert bereits.	L’ID {0} existe déjà.	El ID {0} ya existe.	ID {0} finns redan.
Replace all {0} with {1} imported rows? The other tables are kept; verify references afterwards.	Alle {0} durch {1} importierte Zeilen ersetzen? Andere Tabellen bleiben erhalten; Verweise danach prüfen.	Remplacer tous les {0} par {1} lignes importées ? Les autres tableaux sont conservés ; vérifiez les références ensuite.	¿Reemplazar todos los {0} por {1} filas importadas? Las demás tablas se conservan; verifica después las referencias.	Ersätta alla {0} med {1} importerade rader? Övriga tabeller behålls; kontrollera referenserna efteråt.
Unknown guests: {0}	Unbekannte Gäste: {0}	Invités inconnus : {0}	Invitados desconocidos: {0}	Okända gäster: {0}
{0} / {1}: delete entry	{0} / {1}: Eintrag löschen	{0} / {1} : supprimer l’entrée	{0} / {1}: eliminar entrada	{0} / {1}: radera post
Error: {0}	Fehler: {0}	Erreur : {0}	Error: {0}	Fel: {0}
Warning: {0}	Warnung: {0}	Avertissement : {0}	Advertencia: {0}	Varning: {0}
Pre-Gen created {0}/{1} disjoint routes.	Vorab-Erzeugung hat {0}/{1} getrennte Routen erstellt.	Pré-génération : {0}/{1} parcours disjoints créés.	Pregeneración: {0}/{1} rutas separadas creadas.	Förgenereringen skapade {0}/{1} separata rutter.
Pre-Gen: {0}/{1} routes	Vorab-Erzeugung: {0}/{1} Routen	Pré-génération : {0}/{1} parcours	Pregeneración: {0}/{1} rutas	Förgenerering: {0}/{1} rutter
{0}: incomplete route.	{0}: unvollständige Route.	{0} : parcours incomplet.	{0}: ruta incompleta.	{0}: ofullständig rutt.
{0}: invalid {1} stop.	{0}: ungültiger Halt für {1}.	{0} : étape de {1} invalide.	{0}: parada de {1} no válida.	{0}: ogiltigt stopp för {1}.
{0}: inconsistent attendance.	{0}: widersprüchliche Teilnahme.	{0} : présence incohérente.	{0}: asistencia incoherente.	{0}: motstridig närvaro.
{0}: guest assigned elsewhere.	{0}: Gast ist anderswo zugeordnet.	{0} : invité affecté ailleurs.	{0}: invitado asignado en otro lugar.	{0}: gäst tilldelad någon annanstans.
{0}: existing route cannot be kept: {1}	{0}: bestehende Route kann nicht beibehalten werden: {1}	{0} : impossible de conserver le parcours existant : {1}	{0}: no se puede conservar la ruta existente: {1}	{0}: befintlig rutt kan inte behållas: {1}
{0}: existing route contains an invalid {1} stop.	{0}: bestehende Route enthält einen ungültigen Halt für {1}.	{0} : le parcours existant contient une étape de {1} invalide.	{0}: la ruta existente contiene una parada de {1} no válida.	{0}: befintlig rutt innehåller ett ogiltigt stopp för {1}.
{0}: existing routes require different stops at the same host during {1}.	{0}: bestehende Routen erfordern verschiedene Halte beim selben Gastgeber für {1}.	{0} : les parcours existants exigent des étapes différentes chez le même hôte pour {1}.	{0}: las rutas existentes requieren paradas distintas del mismo anfitrión durante {1}.	{0}: befintliga rutter kräver olika stopp hos samma värd under {1}.
{0}: generated assignment changed a locked route.	{0}: erzeugte Zuordnung hat eine gesperrte Route geändert.	{0} : l’affectation générée a modifié un parcours verrouillé.	{0}: la asignación generada cambió una ruta bloqueada.	{0}: genererad tilldelning ändrade en låst rutt.
Find addresses or enter coordinates first: {0}	Zuerst Adressen suchen oder Koordinaten eingeben: {0}	Recherchez les adresses ou saisissez les coordonnées d’abord : {0}	Busca direcciones o introduce coordenadas primero: {0}	Hitta adresser eller ange koordinater först: {0}
Invalid assignment model: {0}	Ungültiges Zuordnungsmodell: {0}	Modèle d’affectation invalide : {0}	Modelo de asignación no válido: {0}	Ogiltig tilldelningsmodell: {0}
That host is away during {0}.	Dieser Gastgeber ist bei {0} nicht zu Hause.	Cet hôte est absent pour {0}.	Ese anfitrión no está en casa durante {0}.	Den värden är borta under {0}.
Select an existing {0} stop.	Einen vorhandenen Halt für {0} wählen.	Sélectionnez une étape de {0} existante.	Selecciona una parada existente de {0}.	Välj ett befintligt stopp för {0}.
Select an existing host pairing.	Ein vorhandenes Gastgeberpaar wählen.	Sélectionnez un binôme hôte existant.	Selecciona una pareja anfitriona existente.	Välj ett befintligt värdpar.
Guests must be unique and must not include the host.	Gäste müssen eindeutig sein und dürfen den Gastgeber nicht enthalten.	Les invités doivent être uniques et ne pas inclure l’hôte.	Los invitados deben ser únicos y no incluir al anfitrión.	Gäster måste vara unika och får inte omfatta värden.
All courses are assigned. Drag a section to remake the route.	Alle Gänge sind zugeordnet. Eine Etappe ziehen, um die Route neu zu erstellen.	Tous les services sont affectés. Faites glisser un tronçon pour refaire le parcours.	Todos los platos están asignados. Arrastra un tramo para rehacer la ruta.	Alla rätter är tilldelade. Dra en sträcka för att göra om rutten.
Unknown course.	Unbekannter Gang.	Service inconnu.	Plato desconocido.	Okänd rätt.
Address lookup failed: {0}	Adresssuche fehlgeschlagen: {0}	Échec de la recherche d’adresses : {0}	Error al buscar direcciones: {0}	Adressökningen misslyckades: {0}
Could not save the address cache: {0}	Adresscache konnte nicht gespeichert werden: {0}	Impossible d’enregistrer le cache d’adresses : {0}	No se pudo guardar la caché de direcciones: {0}	Adresscachen kunde inte sparas: {0}
{0}: no match for {1}	{0}: kein Treffer für {1}	{0} : aucun résultat pour {1}	{0}: sin coincidencias para {1}	{0}: ingen träff för {1}
{0}: invalid coordinates returned	{0}: ungültige Koordinaten zurückgegeben	{0} : coordonnées retournées invalides	{0}: se devolvieron coordenadas no válidas	{0}: ogiltiga koordinater returnerades
{0}: lookup failed ({1}). Remaining lookups stopped.	{0}: Suche fehlgeschlagen ({1}). Weitere Suchen wurden gestoppt.	{0} : recherche échouée ({1}). Les recherches restantes sont arrêtées.	{0}: búsqueda fallida ({1}). Se detuvieron las búsquedas restantes.	{0}: sökningen misslyckades ({1}). Återstående sökningar stoppades.
The CSV file has no header row.	Die CSV-Datei hat keine Kopfzeile.	Le fichier CSV n’a pas de ligne d’en-tête.	El archivo CSV no tiene cabecera.	CSV-filen saknar rubrikrad.
Select a CSV column for Name / pairing.	CSV-Spalte für Name / Paar wählen.	Sélectionnez une colonne CSV pour Nom / binôme.	Selecciona una columna CSV para Nombre / pareja.	Välj en CSV-kolumn för Namn / par.
Invalid CSV column mapping.	Ungültige CSV-Spaltenzuordnung.	Association de colonnes CSV invalide.	Asignación de columnas CSV no válida.	Ogiltig CSV-kolumnkoppling.
Each CSV column can be mapped to only one data column.	Jede CSV-Spalte darf nur einer Datenspalte zugeordnet werden.	Chaque colonne CSV ne peut être associée qu’à une colonne de données.	Cada columna CSV solo puede asignarse a una columna de datos.	Varje CSV-kolumn kan bara kopplas till en datakolumn.
No {0}-XXXXX IDs remain available.	Keine {0}-XXXXX-IDs mehr verfügbar.	Plus aucun ID {0}-XXXXX disponible.	No quedan ID {0}-XXXXX disponibles.	Inga {0}-XXXXX-ID:n finns kvar.
Provide both latitude and longitude, or leave both empty.	Breiten- und Längengrad angeben oder beide leer lassen.	Renseignez latitude et longitude ou laissez les deux vides.	Introduce latitud y longitud o deja ambas vacías.	Ange både latitud och longitud eller lämna båda tomma.
CSV columns need mapping. Import through the GUI to select the source columns.	CSV-Spalten müssen zugeordnet werden. Über die Oberfläche importieren, um Quellspalten zu wählen.	Les colonnes CSV doivent être associées. Importez via l’interface pour choisir les colonnes sources.	Hay que asignar las columnas CSV. Importa desde la interfaz para elegir las columnas de origen.	CSV-kolumner behöver kopplas. Importera via gränssnittet för att välja källkolumner.
Each participant must reference a different route ID.	Jeder Teilnehmer muss eine andere Routen-ID referenzieren.	Chaque participant doit référencer un ID de parcours distinct.	Cada participante debe referenciar un ID de ruta distinto.	Varje deltagare måste referera till ett eget rutt-ID.
A route must contain exactly three course references.	Eine Route muss genau drei Gangverweise enthalten.	Un parcours doit contenir exactement trois références de service.	Una ruta debe contener exactamente tres referencias de plato.	En rutt måste innehålla exakt tre rättreferenser.
Routes CSV must contain exactly the Route IDs linked by Participants. Import Participants first.	Routen-CSV muss genau die von Teilnehmern verknüpften Routen-IDs enthalten. Zuerst Teilnehmer importieren.	Le CSV des parcours doit contenir exactement les ID liés aux participants. Importez les participants d’abord.	El CSV de rutas debe contener exactamente los ID vinculados por los participantes. Importa primero los participantes.	Rutt-CSV måste innehålla exakt de rutt-ID:n som är kopplade till deltagarna. Importera deltagare först.
CSV row {0}: expected {1} columns, found {2}. Check the delimiter and quoting.	CSV-Zeile {0}: {1} Spalten erwartet, {2} gefunden. Trennzeichen und Anführungszeichen prüfen.	Ligne CSV {0} : {1} colonnes attendues, {2} trouvées. Vérifiez le séparateur et les guillemets.	Fila CSV {0}: se esperaban {1} columnas, se encontraron {2}. Comprueba el delimitador y las comillas.	CSV-rad {0}: förväntade {1} kolumner, hittade {2}. Kontrollera avgränsare och citattecken.
CSV row {0}: Duplicate ID: {1}	CSV-Zeile {0}: doppelte ID: {1}	Ligne CSV {0} : ID en double : {1}	Fila CSV {0}: ID duplicado: {1}	CSV-rad {0}: dubblett-ID: {1}
CSV row {0}: {1}	CSV-Zeile {0}: {1}	Ligne CSV {0} : {1}	Fila CSV {0}: {1}	CSV-rad {0}: {1}
guests	Gäste	invités	invitados	gäster
unavailable for this course	für diesen Gang nicht verfügbar	indisponible pour ce service	no disponible para este plato	inte tillgänglig för denna rätt
Remove appetizer	Vorspeise entfernen	Retirer l’entrée	Quitar entrante	Ta bort förrätt
Remove main dish	Hauptgericht entfernen	Retirer le plat principal	Quitar plato principal	Ta bort huvudrätt
Remove dessert	Nachspeise entfernen	Retirer le dessert	Quitar postre	Ta bort efterrätt
own address	eigene Adresse	adresse personnelle	dirección propia	egen adress
straight-line preview	Luftlinienvorschau	aperçu à vol d’oiseau	vista previa en línea recta	förhandsvisning med fågelväg
Loading OpenStreetMap…	OpenStreetMap wird geladen…	Chargement d’OpenStreetMap…	Cargando OpenStreetMap…	Läser in OpenStreetMap…
If the map stays here, check internet access to map tiles and Leaflet assets.	Wenn die Karte hier bleibt, Internetzugang für Kartenkacheln und Leaflet-Dateien prüfen.	Si la carte reste ici, vérifiez l’accès Internet aux tuiles et aux fichiers Leaflet.	Si el mapa no carga, comprueba el acceso a las imágenes del mapa y a Leaflet.	Om kartan stannar här, kontrollera internetåtkomst till kartbilder och Leaflet-filer.
courses	Gänge	services	platos	rätter
right-click to remove	Rechtsklick zum Entfernen	clic droit pour retirer	clic derecho para quitar	högerklicka för att ta bort
Minimum segment length must not exceed maximum length.	Mindestetappenlänge darf die Höchstlänge nicht überschreiten.	La longueur minimale ne doit pas dépasser la longueur maximale.	La longitud mínima no puede superar la máxima.	Minsta sträcklängd får inte överskrida den största.
Unknown warning type in project settings.	Unbekannte Warnungsart in Projekteinstellungen.	Type d’avertissement inconnu dans les paramètres du projet.	Tipo de advertencia desconocido en la configuración del proyecto.	Okänd varningstyp i projektinställningarna.
Unknown warning type in penalty multipliers.	Unbekannte Warnungsart bei Strafmultiplikatoren.	Type d’avertissement inconnu dans les multiplicateurs.	Tipo de advertencia desconocido en los multiplicadores.	Okänd varningstyp i straffmultiplikatorerna.
Every route must link to exactly one distinct participant.	Jede Route muss genau einem eigenen Teilnehmer zugeordnet sein.	Chaque parcours doit être lié à un seul participant distinct.	Cada ruta debe vincularse a un único participante distinto.	Varje rutt måste kopplas till exakt en egen deltagare.
Unsupported or missing project version (expected 1 or 2).	Nicht unterstützte oder fehlende Projektversion (1 oder 2 erwartet).	Version de projet manquante ou non prise en charge (1 ou 2 attendue).	Versión de proyecto ausente o no compatible (se esperaba 1 o 2).	Projektversion saknas eller stöds inte (förväntade 1 eller 2).
Duplicate IDs in {0}.	Doppelte IDs in {0}.	ID en double dans {0}.	ID duplicados en {0}.	Dubblett-ID:n i {0}.
Stop {0} visited more than once	Halt {0} mehrmals besucht	Étape {0} visitée plusieurs fois	Parada {0} visitada más de una vez	Stopp {0} besöks mer än en gång
{0}: {1} is a {2} stop	{0}: {1} ist ein Halt für {2}	{0} : {1} est une étape de {2}	{0}: {1} es una parada de {2}	{0}: {1} är ett stopp för {2}
{0}: unknown host {1}	{0}: unbekannter Gastgeber {1}	{0} : hôte inconnu {1}	{0}: anfitrión desconocido {1}	{0}: okänd värd {1}
{0}: pairing is absent from the guest list	{0}: Paar fehlt in der Gästeliste	{0} : binôme absent de la liste d’invités	{0}: la pareja no está en la lista de invitados	{0}: paret saknas i gästlistan
{0}: duplicate guest IDs	{0}: doppelte Gäste-IDs	{0} : ID d’invités en double	{0}: ID de invitados duplicados	{0}: dubblett-ID:n för gäster
{0}: host also listed as a guest	{0}: Gastgeber ist auch als Gast aufgeführt	{0} : hôte également inscrit comme invité	{0}: anfitrión también incluido como invitado	{0}: värden finns även med som gäst
{0}: unknown guests {1}	{0}: unbekannte Gäste {1}	{0} : invités inconnus {1}	{0}: invitados desconocidos {1}	{0}: okända gäster {1}
{0}: attendance is missing from this route	{0}: Teilnahme fehlt in dieser Route	{0} : présence manquante dans ce parcours	{0}: falta la asistencia en esta ruta	{0}: närvaro saknas i rutten
no stop assigned	kein Halt zugeordnet	aucune étape affectée	sin parada asignada	inget stopp tilldelat
unknown stop {0}	unbekannter Halt {0}	étape inconnue {0}	parada desconocida {0}	okänt stopp {0}
[empty]	[leer]	[vide]	[vacío]	[tomt]
Start with fictional example data	Mit fiktiven Beispieldaten starten	Démarrer avec des données fictives	Iniciar con datos de ejemplo ficticios	Starta med fiktiva exempeldata
Load sample data	Beispieldaten laden	Charger les données d’exemple	Cargar datos de ejemplo	Läs in exempeldata
Replace current data with three fictional Stockholm pairings?	Aktuelle Daten durch drei fiktive Stockholmer Paare ersetzen?	Remplacer les données par trois binômes fictifs de Stockholm ?	¿Reemplazar los datos por tres parejas ficticias de Estocolmo?	Ersätta aktuella data med tre fiktiva par i Stockholm?
Sample data · fictional pairings and illustrative coordinates	Beispieldaten · fiktive Paare und Beispielkoordinaten	Données d’exemple · binômes fictifs et coordonnées illustratives	Datos de ejemplo · parejas ficticias y coordenadas ilustrativas	Exempeldata · fiktiva par och illustrativa koordinater
Latitude	Breitengrad	Latitude	Latitud	Latitud
Longitude	Längengrad	Longitude	Longitud	Longitud
Required field.	Pflichtfeld.	Champ obligatoire.	Campo obligatorio.	Obligatoriskt fält.
Invalid value.	Ungültiger Wert.	Valeur invalide.	Valor no válido.	Ogiltigt värde.
Enter a number.	Eine Zahl eingeben.	Saisissez un nombre.	Introduce un número.	Ange ett tal.
Enter a whole number.	Eine ganze Zahl eingeben.	Saisissez un entier.	Introduce un número entero.	Ange ett heltal.
Use true or false.	Wahr oder falsch verwenden.	Utilisez vrai ou faux.	Usa verdadero o falso.	Använd sant eller falskt.
Unknown field.	Unbekanntes Feld.	Champ inconnu.	Campo desconocido.	Okänt fält.
Value does not match the required format.	Wert entspricht nicht dem erforderlichen Format.	La valeur ne respecte pas le format requis.	El valor no tiene el formato requerido.	Värdet har inte rätt format.
Must contain at least {0} characters.	Muss mindestens {0} Zeichen enthalten.	Doit contenir au moins {0} caractères.	Debe contener al menos {0} caracteres.	Måste innehålla minst {0} tecken.
Must be at least {0}.	Muss mindestens {0} sein.	Doit être au moins {0}.	Debe ser al menos {0}.	Måste vara minst {0}.
Must be at most {0}.	Darf höchstens {0} sein.	Doit être au plus {0}.	Debe ser como máximo {0}.	Får vara högst {0}.
Must be greater than {0}.	Muss größer als {0} sein.	Doit être supérieur à {0}.	Debe ser mayor que {0}.	Måste vara större än {0}.
Must be less than {0}.	Muss kleiner als {0} sein.	Doit être inférieur à {0}.	Debe ser menor que {0}.	Måste vara mindre än {0}.
Must be a multiple of {0}.	Muss ein Vielfaches von {0} sein.	Doit être un multiple de {0}.	Debe ser un múltiplo de {0}.	Måste vara en multipel av {0}.
CSV row {0}	CSV-Zeile {0}	Ligne CSV {0}	Fila CSV {0}	CSV-rad {0}
Warning type	Warnungsart	Type d’avertissement	Tipo de advertencia	Varningstyp
Autogen: Minimize #Warnings	Autogen: Warnungsanzahl minimieren	Autogen : minimiser le nombre d’avertissements	Autogen: minimizar n.º de advertencias	Autogen: minimera antal varningar
Penalty multiplier	Strafmultiplikator	Multiplicateur de pénalité	Multiplicador de penalización	Straffmultiplikator
Include this warning in the first optimization objective. Turning this off keeps penalty scoring and verification unchanged. Saved with the project.	Diese Warnung im ersten Optimierungsziel berücksichtigen. Ausschalten ändert weder Strafbewertung noch Prüfung. Im Projekt gespeichert.	Inclure cet avertissement dans le premier objectif d’optimisation. Désactiver ne change ni les pénalités ni la vérification. Enregistré avec le projet.	Incluye esta advertencia en el primer objetivo de optimización. Desactivarlo no cambia las penalizaciones ni la verificación. Se guarda con el proyecto.	Ta med denna varning i det första optimeringsmålet. Avstängning påverkar inte straffpoäng eller kontroll. Sparas med projektet.
Unknown warning type in warning minimization settings.	Unbekannte Warnungsart in Warnungsminimierungseinstellungen.	Type d’avertissement inconnu dans les paramètres de minimisation.	Tipo de advertencia desconocido en la configuración de minimización.	Okänd varningstyp i inställningarna för varningsminimering.
Straight-line distance	Luftlinienentfernung	Distance à vol d’oiseau	Distancia en línea recta	Fågelvägsavstånd
{0} km estimated	{0} km geschätzt	{0} km estimés	{0} km estimados	{0} km uppskattat
Legs: {0}	Etappen: {0}	Tronçons : {0}	Tramos: {0}	Sträckor: {0}
Add participants and stops, then create a route.	Teilnehmer und Halte hinzufügen, dann eine Route erstellen.	Ajoutez des participants et étapes, puis créez un parcours.	Añade participantes y paradas y crea una ruta.	Lägg till deltagare och stopp och skapa sedan en rutt.
Set all host coordinates to preview the complete route.	Alle Gastgeberkoordinaten festlegen, um die vollständige Route anzuzeigen.	Renseignez les coordonnées des hôtes pour afficher le parcours complet.	Introduce las coordenadas de todos los anfitriones para ver la ruta completa.	Ange alla värdars koordinater för att visa hela rutten.
✓ No route warnings or errors.	✓ Keine Routenwarnungen oder Fehler.	✓ Aucun avertissement ni erreur de parcours.	✓ Sin advertencias ni errores de ruta.	✓ Inga ruttvarningar eller fel.
Map disabled for offline UI verification.	Karte für Offline-Oberflächenprüfung deaktiviert.	Carte désactivée pour vérifier l’interface hors ligne.	Mapa desactivado para comprobar la interfaz sin conexión.	Kartan är avstängd för kontroll av gränssnittet utan nätanslutning.
Cykelfest dinner safari planner	Fahrradparty Dinner-Safari-Planer	Planificateur de dîner itinérant Fête à vélo	Planificador de cenas itinerantes Fiesta en bici	Cykelfest middagssafariplanerare
Editing · {0}. Click to fill the next empty course, or drag between addresses. Blue: own address · green: 0 guests · lime: 1 · yellow: 2+. Save commits; Revert discards.	Bearbeiten · {0}. Klicken füllt den nächsten leeren Gang; Ziehen verbindet Adressen. Blau: eigene Adresse · Grün: 0 Gäste · Hellgrün: 1 · Gelb: 2+. Speichern übernimmt, Zurücksetzen verwirft.	Modification · {0}. Cliquez pour compléter le prochain service vide ou glissez entre adresses. Bleu : votre adresse · vert : 0 invité · vert clair : 1 · jaune : 2+. Enregistrer applique ; annuler abandonne.	Editando · {0}. Haz clic para completar el siguiente plato vacío o arrastra entre direcciones. Azul: tu dirección · verde: 0 invitados · lima: 1 · amarillo: 2+. Guardar aplica; Revertir descarta.	Redigerar · {0}. Klicka för nästa tomma rätt eller dra mellan adresser. Blå: egen adress · grön: 0 gäster · lime: 1 · gul: 2+. Spara tillämpar; Återställ förkastar.
